{
  "candidates_generated": 154,
  "candidates_pruned": 0,
  "iterations": 77,
  "time_spent": 2.3634018898010254,
  "solution_height": 1,
  "solution_complexity": 1,
  "best_partial_score": 1.0,
  "grammar_size": 0,
  "solution_found": true,
  "avg_cpu_usage": 5.42987012987013,
  "max_cpu_usage": 9.9,
  "avg_per_core_cpu_usage": [
    1.2987012987012987,
    0.0,
    2.7909090909090906,
    0.0,
    75.21558441558442,
    15.584415584415584,
    13.958441558441558,
    2.6402597402597405,
    2.5974025974025974,
    0.0,
    1.7311688311688314,
    0.0,
    1.4064935064935065,
    0.0,
    1.5584415584415585,
    0.3246753246753247,
    1.0818181818181818,
    0.6493506493506493,
    0.3246753246753247,
    0.2597402597402597,
    1.0818181818181818,
    0.3246753246753247,
    0.6493506493506493,
    0.974025974025974
  ],
  "max_per_core_cpu_usage": [
    25.0,
    0.0,
    40.0,
    0.0,
    100.0,
    100.0,
    100.0,
    33.3,
    25.0,
    0.0,
    33.3,
    0.0,
    33.3,
    0.0,
    25.0,
    25.0,
    33.3,
    25.0,
    25.0,
    20.0,
    33.3,
    25.0,
    25.0,
    25.0
  ],
  "max_memory_usage": 149.90234375,
  "solution_space_coverage": 0.007333333333333333,
  "solver_calls": 385,
  "avg_solver_time": 0.0057880444960160685,
  "unique_patterns": 76,
  "pattern_reuse_ratio": 0.5064935064935064
}