{
  "candidates_generated": 334,
  "candidates_pruned": 0,
  "iterations": 167,
  "time_spent": 5.443727493286133,
  "solution_height": 1,
  "solution_complexity": 2,
  "best_partial_score": 1.0,
  "grammar_size": 0,
  "solution_found": true,
  "avg_cpu_usage": 6.449700598802394,
  "max_cpu_usage": 43.2,
  "avg_per_core_cpu_usage": [
    4.9898203592814365,
    0.3592814371257485,
    2.1658682634730537,
    0.7485029940119761,
    14.979640718562873,
    56.277245508982034,
    37.0251497005988,
    1.0275449101796408,
    4.779640718562875,
    0.23952095808383234,
    3.891017964071856,
    0.23952095808383234,
    4.120958083832336,
    1.0676646706586828,
    4.7,
    0.43892215568862275,
    1.6964071856287426,
    1.8658682634730541,
    1.307185628742515,
    1.407185628742515,
    0.41916167664670656,
    0.9580838323353293,
    1.0479041916167664,
    0.8982035928143712
  ],
  "max_per_core_cpu_usage": [
    66.7,
    40.0,
    66.7,
    50.0,
    100.0,
    100.0,
    100.0,
    60.0,
    100.0,
    40.0,
    50.0,
    40.0,
    60.0,
    33.3,
    66.7,
    40.0,
    50.0,
    50.0,
    50.0,
    60.0,
    50.0,
    40.0,
    60.0,
    50.0
  ],
  "max_memory_usage": 149.734375,
  "solution_space_coverage": 0.015904761904761904,
  "solver_calls": 835,
  "avg_solver_time": 0.006074664978210084,
  "unique_patterns": 164,
  "pattern_reuse_ratio": 0.5089820359281437
}